Raised Date/Mail Date,Reference Number,Priority,Issue Description,Raised By,Status,Target Date,Issue/Support Request,Remarks,Assignee/ Note,Closed Date,Last Response Date,Developer Effort(In Minutes),Testing Effort(in Minutes),Closed By,Screenshot (if have),Ageing in days
,264,Low,24-09-2026 07:46,No Summary,Open,,RE: Renewal Payment Due for Your DMS Lite Subscription,,,,,,,,,
,268,Low,24-09-2026 15:19,No Summary,Closed,,Automatic reply: RE: Verification Request: DMS Lite Account Disabled Notification [DCC-51096-V9H7],,,,,,,,,
,269,Low,25-09-2026 11:17,No Summary,Open,,[Subscription Report] Error in Invoice number - Please rectify,,,,,,,,,
,270,Low,27-09-2026 10:52,No Summary,Open,,Recall: Re: Ticket Closed - RE: Severity 1: RE: Renewal Payment Due for Your DMS Lite Subscription,,,,,,,,,
,271,Low,28-09-2026 08:12,No Summary,Open,,RE: Renewal Payment Due for Your DMS Lite Subscription,,,,,,,,,
,272,Low,29-09-2026 11:52,No Summary,Open-waiting for customer,,Fw: DMS Lite Enquiry - DCC-53773-M5G5,,,,,,,,,
,273,Low,30-09-2026 08:31,No Summary,Open-waiting for customer,,RE: Duplicated Donors' ID numbers,,,,,,,,,
,274,Low,30-09-2026 09:22,No Summary,Open,,Fw: DMSlite renewal - DCC-53792-J9W2,,,,,,,,,
,275,Low,30-09-2026 11:25,No Summary,Closed,,Re: DMSlite renewal - DCC-53792-J9W2,,,,,,,,,
,276,High,30-09-2026 14:06,No Summary,Open,,Fw: DMS Lite Subscription,,,,,,,,,
,277,Low,30-09-2026 15:48,No Summary,Open-waiting for customer,,RE: Change status to paid,,,,,,,,,
,278,High,01-10-2026 05:38,No Summary,Open,,Fw: DMS LITE SUBSCRIPTION,,,,,,,,,
